{
"num_images": 1500,
"num_keypoints": 9,
"sel_random_points": true,
"random_background": false,
"check_whole_bb": false,
"background_id": 10,
"height": 480,
"width": 640,
"intrinsics": {"fx": 1066.778, "fy": 1067.487, "px": 312.9869, "py": 241.3109},
"selectModelPoints": [
        [0.02493, -0.00354, -0.05355],
        [0.01652, 0.00906, 0.06575],
        [0.00905, 0.04309, -0.08163],
        [0.00916, 0.04334, 0.03167],
        [0.00731, 0.02149, -0.09208],
        [0.02269, -0.01234, -0.01407],
        [-0.00404, -0.04642, 0.00997]
      ],
"extents" : {"mineral": [0.067286, 0.061986, 0.191921], 
            "duck": [0.093609, 0.071429, 0.072279],
            "almond": [0.151818, 0.061151, 0.089383]
},
"selectModelPointsFromFile" : false,
"num_instances": [1, 2, 2],
"factor_depth": 10000.0
}