{
"num_images": 1000,
"num_keypoints": 4,
"sel_random_points": false,
"random_background": false,
"background_id": 10,
"height": 480,
"width": 640,
"intrinsics": {"fx": 1066.778, "fy": 1067.487, "px": 312.9869, "py": 241.3109},
"selectModelPoints": [
        [-0.01067, -0.00971, -0.02873],
        [-0.01369, -0.01025, 0.00428],
        [0.03391, -0.00943, -0.02709],
        [0.02146, -0.00911, 0.04536]
      ]
}
